text,prediction
Do you want 750 anytime any network mins 150 text and a NEW VIDEO phone for only five pounds per week call 08002888812 or reply for delivery tomorrow,spam
Only if you promise your getting out as SOON as you can. And you'll text me in the morning to let me know you made it in ok.,ham
Quite late lar... Ard 12 anyway i wun b drivin...,ham
Me sef dey laugh you. Meanwhile how's my darling anjie!,ham
Dear we got  &lt;#&gt;  dollars hi hi,ham
Huh i cant thk of more oredi how many pages do we have?,ham
"Sorry, I can't help you on this.",ham
"It's cool, we can last a little while. Getting more any time soon?",ham
"Argh my 3g is spotty, anyway the only thing I remember from the research we did was that province and sterling were the only problem-free places we looked at",ham
"OH MR SHEFFIELD! You wanna play THAT game, okay. You're the boss and I'm the nanny. You give me a raise and I'll give YOU one!!",ham
"Friendship is not a game to play, It is not a word to say, It doesn\'t start on March and ends on May, It is tomorrow, yesterday, today and e",ham
Please CALL 08712402972 immediately as there is an urgent message waiting for you,spam
"Wa, ur openin sentence very formal... Anyway, i'm fine too, juz tt i'm eatin too much n puttin on weight...Haha... So anythin special happened?",ham
Sorry I missed your call let's talk when you have the time. I'm on 07090201529,spam
How much i gave to you. Morning.,ham
Well she's in for a big surprise!,ham
I'm e person who's doing e sms survey...,ham
U have a Secret Admirer who is looking 2 make contact with U-find out who they R*reveal who thinks UR so special-call on 09065171142-stopsms-08,spam
Thought praps you meant another one. Goodo! I'll look tomorrow,ham
URGENT We are trying to contact you Last weekends draw shows u have won a £1000 prize GUARANTEED Call 09064017295 Claim code K52 Valid 12hrs 150p pm,spam
"You at mu? You should try to figure out how much money everyone has for gas and alcohol, jay and I are trying to figure out our weed budget",ham
Oh is it? Send me the address,ham
Hard LIVE 121 chat just 60p/min. Choose your girl and connect LIVE. Call 09094646899 now! Cheap Chat UK's biggest live service. VU BCM1896WC1N3XX,spam
What I'm saying is if you haven't explicitly told nora I know someone I'm probably just not gonna bother,ham
sports fans - get the latest sports news str* 2 ur mobile 1 wk FREE PLUS a FREE TONE Txt SPORT ON to 8007 www.getzed.co.uk 0870141701216+ norm 4txt/120p,spam
Mind blastin.. No more Tsunamis will occur from now on.. Rajnikant stopped swimming in Indian Ocean..:-D,ham
I'm meeting Darren...,ham
Yes I know the cheesy songs from frosty the snowman :),ham
S..antha num corrct dane,ham
What to think no one saying clearly. Ok leave no need to ask her. I will go if she come or not,ham
"Huh... Hyde park not in mel ah, opps, got confused... Anyway, if tt's e best choice den we juz have to take it...",ham
aathi..where are you dear..,ham
Hi msg me:)i'm in office..,ham
Then just eat a shit and wait for ur monkey face bitch.......... U asshole..................,ham
You are a big chic. Common. Declare,ham
"""Im at arestaurant eating squid! i will be out about 10:30 wanna dosomething or is that to late?""",ham
Yep then is fine 7.30 or 8.30 for ice age.,ham
"Yo, you at jp and hungry like a mofo?",ham
Hope you are having a great day.,ham
And smile for me right now as you go and the world will wonder what you are smiling about and think your crazy and keep away from you ... *grins*,ham
December only! Had your mobile 11mths+? You are entitled to update to the latest colour camera mobile for Free! Call The Mobile Update Co FREE on 08002986906,spam
Think I could stop by in like an hour or so? My roommate's looking to stock up for a trip,ham
"Aight, call me once you're close",ham
URGENT! Your Mobile number has been awarded with a £2000 prize GUARANTEED. Call 09061790121 from land line. Claim 3030. Valid 12hrs only 150ppm,spam
+123 Congratulations - in this week's competition draw u have won the £1450 prize to claim just call 09050002311 b4280703. T&Cs/stop SMS 08718727868. Over 18 only 150ppm,spam
How are you with moneY...as in to you...money aint a thing....how are you sha!,ham
I plane to give on this month end.,ham
Reply with your name and address and YOU WILL RECEIVE BY POST a weeks completely free accommodation at various global locations www.phb1.com ph:08700435505150p,spam
What time do u get out?,ham
Ok.,ham
Oh god i am happy to see your message after 3 days,ham
Your weekly Cool-Mob tones are ready to download !This weeks new Tones include: 1) Crazy Frog-AXEL F>>> 2) Akon-Lonely>>> 3) Black Eyed-Dont P >>>More info in n,spam
Shall i ask one thing if you dont mistake me.,ham
Yup ok thanx...,ham
I meant middle left or right?,ham
You all ready for * big day tomorrow?,ham
Whos this am in class:-),ham
"Yes, i'm small kid.. And boost is the secret of my energy..",ham
Mum say we wan to go then go... Then she can shun bian watch da glass exhibition...,ham
"Only just got this message, not ignoring you. Yes, i was. Shopping that is",ham
"Pls send me a comprehensive mail about who i'm paying, when and how much.",ham
"Found it, ENC  &lt;#&gt; , where you at?",ham
.Please charge my mobile when you get up in morning.,ham
Can you do online transaction?,ham
Was actually sleeping and still might when u call back. So a text is gr8. You rock sis. Will send u a text wen i wake.,ham
Oh is it! Which brand?,ham
I am not having her number sir,ham
You dont know you jabo me abi.,ham
I'm serious. You are in the money base,ham
Then ur sis how?,ham
"Congrats! 2 mobile 3G Videophones R yours. call 09063458130 now! videochat wid your mates, play java games, Dload polyPH music, noline rentl.",spam
"Honey, can you pls find out how much they sell Predicte in Nigeria. And how many times can it be used. Its very important to have a reply before monday",ham
How much you got for cleaning,ham
Si si. I think ill go make those oreo truffles.,ham
(That said can you text him one more time?),ham
THANX 4 PUTTIN DA FONE DOWN ON ME!!,ham
I wnt to buy a BMW car urgently..its vry urgent.but hv a shortage of  &lt;#&gt; Lacs.there is no source to arng dis amt. &lt;#&gt; lacs..thats my prob,ham
Am also doing in cbe only. But have to pay.,ham
"Alright we're hooked up, where you guys at",ham
Join the UK's horniest Dogging service and u can have sex 2nite!. Just sign up and follow the instructions. Txt ENTRY to 69888 now! Nyt.EC2A.3LP.msg@150p,spam
Have you been practising your curtsey?,ham
Me fine..absolutly fine,ham
Its not the same here. Still looking for a job. How much do Ta's earn there.,ham
Dont think so. It turns off like randomlly within 5min of opening,ham
Okey dokey swashbuckling stuff what oh.,ham
NEFT Transaction with reference number  &lt;#&gt;  for Rs. &lt;DECIMAL&gt;  has been credited to the beneficiary account on  &lt;#&gt;  at  &lt;TIME&gt; : &lt;#&gt;,ham
Are you this much buzy,ham
"No i'm not. I can't give you everything you want and need. You actually could do better for yourself on yor own--you've got more money than i do. I can't get work, i can't get a man, i can't pay the rent, i can't even fill my fucking gas tank. yes, i'm stressed and depressed. I didn't even call home for thanksgiving cuz i'll have to tell them i,m up to nothing.",ham
Wanna get laid 2nite? Want real Dogging locations sent direct to ur mobile? Join the UK's largest Dogging Network. Txt PARK to 69696 now! Nyt. ec2a. 3lp £1.50/msg,spam
You do what all you like,ham
Thank u. IT BETTER WORK OUT CAUSE I WILL FEEL USED OTHERWISE,ham
"Hi, this is Mandy Sullivan calling from HOTMIX FM...you are chosen to receive £5000.00 in our Easter Prize draw.....Please telephone 09041940223 to claim before 29/03/05 or your prize will be transferred to someone else....",spam
Someone U know has asked our dating service 2 contact you! Cant Guess who? CALL 09058091854 NOW all will be revealed. PO BOX385 M6 6WU,spam
"Goodmorning, today i am late for  &lt;DECIMAL&gt; min.",ham
"I do know what u mean,  is the king of not havin credit! I'm goin2bed now. Night night sweet! Only1more sleep!",ham
I think u have the wrong number.,ham
FREE for 1st week! No1 Nokia tone 4 ur mobile every week just txt NOKIA to 8077 Get txting and tell ur mates. www.getzed.co.uk POBox 36504 W45WQ 16+ norm150p/tone,spam
"YOU VE WON! Your 4* Costa Del Sol Holiday or £5000 await collection. Call 09050090044 Now toClaim. SAE, TC s, POBox334, Stockport, SK38xh, Cost£1.50/pm, Max10mins",spam
RCT' THNQ Adrian for U text. Rgds Vatian,spam
Smile in Pleasure Smile in Pain Smile when trouble pours like Rain Smile when sum1 Hurts U Smile becoz SOMEONE still Loves to see u Smiling!!,ham
Yes its possible but dint try. Pls dont tell to any one k,ham
"If you don't, your prize will go to another customer. T&C at www.t-c.biz 18+ 150p/min Polo Ltd Suite 373 London W1J 6HL Please call back if busy",spam
Your board is working fine. The issue of overheating is also reslove. But still software inst is pending. I will come around 8'o clock.,ham
Hope you are having a good week. Just checking in,ham
Dont show yourself. How far. Put new pictures up on facebook.,ham
1Apple/Day=No Doctor. 1Tulsi Leaf/Day=No Cancer. 1Lemon/Day=No Fat. 1Cup Milk/day=No Bone Problms 3 Litres Watr/Day=No Diseases Snd ths 2 Whom U Care..:-),ham
I'm done. C ü there.,ham
Mobile Club: Choose any of the top quality items for your mobile. 7cfca1a,spam
DO U WANT 2 MEET UP 2MORRO,ham
This is wishing you a great day. Moji told me about your offer and as always i was speechless. You offer so easily to go to great lengths on my behalf and its stunning. My exam is next friday. After that i will keep in touch more. Sorry.,ham
No rushing. I'm not working. I'm in school so if we rush we go hungry.,ham
"Almost there, see u in a sec",ham
We not watching movie already. Xy wants 2 shop so i'm shopping w her now.,ham
Hi Dear Call me its urgnt. I don't know whats your problem. You don't want to work or if you have any other problem at least tell me. Wating for your reply.,ham
I can send you a pic if you like :),ham
Ok lor...,ham
Boo what time u get out? U were supposed to take me shopping today. :(,ham
Wah... Okie okie... Muz make use of e unlimited... Haha...,ham
"Fyi I'm taking a quick shower, be at epsilon in like  &lt;#&gt;  min",ham
No da. . Vijay going to talk in jaya tv,ham
Good morning princess! Have a great day!,ham
"Spook up your mob with a Halloween collection of a logo & pic message plus a free eerie tone, txt CARD SPOOK to 8007 zed 08701417012150p per logo/pic",spam
I like you peoples very much:) but am very shy pa.,ham
This msg is for your mobile content order It has been resent as previous attempt failed due to network error Queries to customersqueries@netvision.uk.com,spam
"Hey, can you tell me blake's address? Carlos wanted me to meet him there but I got lost and he's not answering his phone",ham
"You are being contacted by our dating service by someone you know! To find out who it is, call from a land line 09050000928. PoBox45W2TG150P",spam
I am on the way to ur home,ham
UR GOING 2 BAHAMAS! CallFREEFONE 08081560665 and speak to a live operator to claim either Bahamas cruise of£2000 CASH 18+only. To opt out txt X to 07786200117,spam
I cant keep talking to people if am not sure i can pay them if they agree to price. So pls tell me what you want to really buy and how much you are willing to pay,ham
"Okay, good, no problem, and thanx!",ham
Hi juan. Im coming home on fri hey. Of course i expect a welcome party and lots of presents. Ill phone u when i get back. Loads of love nicky x x x x x x x x x,ham
";-( oh well, c u later",ham
"K, I'll work something out",ham
R we going with the  &lt;#&gt;  bus?,ham
Ok but knackered. Just came home and went to sleep! Not good at this full time work lark.,ham
URGENT! We are trying to contact U. Todays draw shows that you have won a £800 prize GUARANTEED. Call 09050003091 from land line. Claim C52. Valid 12hrs only,spam
We'll you pay over like  &lt;#&gt; yrs so its not too difficult,ham
Hi.:)technical support.providing assistance to us customer through call and email:),ham
Ok i shall talk to him,ham
R u still working now?,ham
Can u get pic msgs to your phone?,ham
You are a winner U have been specially selected 2 receive £1000 cash or a 4* holiday (flights inc) speak to a live operator 2 claim 0871277810810,spam
Is toshiba portege m100 gd?,ham
Please tell me not all of my car keys are in your purse,ham
Lol ok your forgiven :),ham
Have you finished work yet? :),ham
X course it 2yrs. Just so her messages on messenger lik you r sending me,ham
"Thanks for your ringtone order, reference number X29. Your mobile will be charged 4.50. Should your tone not arrive please call customer services 09065989180",spam
Ok i also wan 2 watch e 9 pm show...,ham
"Oh ! A half hour is much longer in Syria than Canada, eh ? Wow you must get SO much more work done in a day than us with all that extra time ! *grins*",ham
"Beautiful Truth against Gravity.. Read carefully: ""Our heart feels light when someone is in it.. But it feels very heavy when someone leaves it.."" GOODMORNING",ham
"It‘s £6 to get in, is that ok?",ham
Congrats kano..whr s the treat maga?,ham
Hey mr whats the name of that bill brison book the one about language and words,ham
Stop the story. I've told him i've returned it and he's saying i should not re order it.,ham
"""Are you comingdown later?""",ham
"Good afternon, my love. How are today? I hope your good and maybe have some interviews. I wake and miss you babe. A passionate kiss from across the sea",ham
Message:some text missing* Sender:Name Missing* *Number Missing *Sent:Date missing *Missing U a lot thats y everything is missing sent via fullonsms.com,ham
Yup... I havent been there before... You want to go for the yoga? I can call up to book,ham
what is your account number?,ham
Mm i had my food da from out,ham
You are right though. I can't give you the space you want and need. This is really starting to become an issue. I was going to suggest setting a definite move out--if i'm still there-- after greece. But maybe you are ready and should do it now.,ham
Wat would u like 4 ur birthday?,ham
Aft i finish my lunch then i go str down lor. Ard 3 smth lor. U finish ur lunch already?,ham
"When people see my msgs, They think Iam addicted to msging... They are wrong, Bcoz They don\'t know that Iam addicted to my sweet Friends..!! BSLVYL",ham
Ah you see. You have to be in the lingo. I will let you know wot on earth it is when has finished making it!,ham
Nope thats fine. I might have a nap tho!,ham
"Beautiful tomorrow never comes.. When it comes, it's already TODAY.. In the hunt of beautiful tomorrow don't waste your wonderful TODAY.. GOODMORNING:)",ham
U still going to the mall?,ham
Hurt me... Tease me... Make me cry... But in the end of my life when i die plz keep one rose on my grave and say STUPID I MISS U.. HAVE A NICE DAY BSLVYL,ham
"Good afternoon sunshine! How dawns that day ? Are we refreshed and happy to be alive? Do we breathe in the air and smile ? I think of you, my love ... As always",ham
CERI U REBEL! SWEET DREAMZ ME LITTLE BUDDY!! C YA 2MORO! WHO NEEDS BLOKES,ham
"What part of ""don't initiate"" don't you understand",ham
Lol enjoy role playing much?,ham
"How is my boy? No sweet words left for me this morning ... *sighs* ... How goes you day, my love ? Did you start your studying?",ham
Great. So should i send you my account number.,ham
I'm in town now so i'll jus take mrt down later.,ham
Ok lor but not too early. Me still having project meeting now.,ham
Ok good then i later come find ü... C lucky i told ü to go earlier... Later pple take finish ü no more again...,ham
I like cheap! But i‘m happy to splash out on the wine if it makes you feel better..,ham
cool. We will have fun practicing making babies!,ham
Normally i use to drink more water daily:),ham
Apo all other are mokka players only,ham
Guess what! Somebody you know secretly fancies you! Wanna find out who it is? Give us a call on 09065394514 From Landline DATEBox1282EssexCM61XN 150p/min 18,spam
I can take you at like noon,ham
Reading gud habit.. Nan bari hudgi yorge pataistha ertini kano:-),ham
PRIVATE! Your 2003 Account Statement for 07753741225 shows 800 un-redeemed S. I. M. points. Call 08715203677 Identifier Code: 42478 Expires 24/10/04,spam
How long does it take to get it.,ham
Free Top ringtone -sub to weekly ringtone-get 1st week free-send SUBPOLY to 81618-?3 per week-stop sms-08718727870,spam
Men like shorter ladies. Gaze up into his eyes.,ham
Want to finally have lunch today?,ham
What you thinked about me. First time you saw me in class.,ham
"Sorry, left phone upstairs. OK, might be hectic but would be all my birds with one fell swoop. It's a date.",ham
"Come to me right now, Ahmad",ham
Is ur paper today in e morn or aft?,ham
Jos ask if u wana meet up?,ham
Thnx dude. u guys out 2nite?,ham
I'm not. She lip synced with shangela.,ham
Our Prasanth ettans mother passed away last night. Just pray for her and family.,ham
Well welp is sort of a semiobscure internet thing,ham
Ok give me 5 minutes I think I see her. BTW you're my alibi. You were cutting my hair the whole time.,ham
Aaooooright are you at work?,ham
Ok how you dear. Did you call chechi,ham
Lol I know! Hey someone did a great inpersonation of flea on the forums. I love it!,ham
"Hello, As per request from  &lt;#&gt;  Rs.5 has been transfered to you",ham
Pls she needs to dat slowly or she will vomit more.,ham
"Em, its olowoyey@ usc.edu have a great time in argentina. Not sad about secretary, everything is a blessing",ham
"Not really dude, have no friends i'm afraid :(",ham
Do u knw dis no. &lt;#&gt; ?,ham
We left already we at orchard now.,ham
Lol! U drunkard! Just doing my hair at d moment. Yeah still up 4 tonight. Wats the plan?,ham
They are just making it easy to pay back. I have  &lt;#&gt; yrs to say but i can pay back earlier. You get?,ham
Thats cool. I want to please you...,ham
Dear we are going to our rubber place,ham
"URGENT! You have won a 1 week FREE membership in our £100,000 Prize Jackpot! Txt the word: CLAIM to No: 81010 T&C www.dbuk.net LCCLTD POBOX 4403LDNW1A7RW18",spam
"Sad story of a Man - Last week was my b'day. My Wife did'nt wish me. My Parents forgot n so did my Kids . I went to work. Even my Colleagues did not wish. As I entered my cabin my PA said, '' Happy B'day Boss !!''. I felt special. She askd me 4 lunch. After lunch she invited me to her apartment. We went there. She said,'' do u mind if I go into the bedroom for a minute ? '' ''OK'', I sed in a sexy mood. She came out 5 minuts latr wid a cake...n My Wife, My Parents, My Kidz, My Friends n My Colleagues. All screaming.. SURPRISE !! and I was waiting on the sofa.. ... ..... ' NAKED...!",ham
I uploaded mine to Facebook,ham
"URGENT! Last weekend's draw shows that you have won £1000 cash or a Spanish holiday! CALL NOW 09050000332 to claim. T&C: RSTM, SW7 3SS. 150ppm",spam
Oh gei. That happend to me in tron. Maybe ill dl it in 3d when its out,ham
Thankyou so much for the call. I appreciate your care.,ham
I think you should go the honesty road. Call the bank tomorrow. Its the tough decisions that make us great people.,ham
"If i let you do this, i want you in the house by 8am.",ham
Today is ACCEPT DAY..U Accept me as? Brother Sister Lover Dear1 Best1 Clos1 Lvblefrnd Jstfrnd Cutefrnd Lifpartnr Belovd Swtheart Bstfrnd No rply means enemy,spam
I know you are. Can you pls open the back?,ham
o turns out i had stereo love on mi phone under the unknown album.,ham
You do your studies alone without anyones help. If you cant no need to study.,ham
Call from 08702490080 - tells u 2 call 09066358152 to claim £5000 prize. U have 2 enter all ur mobile & personal details @ the prompts. Careful!,spam
This pain couldn't have come at a worse time.,ham
"LOOK AT AMY URE A BEAUTIFUL, INTELLIGENT WOMAN AND I LIKE U A LOT. I KNOW U DONT LIKE ME LIKE THAT SO DONT WORRY.",ham
They don't put that stuff on the roads to keep it from getting slippery over there?,ham
"Sorry, I'll call later",ham
Gud ni8.swt drms.take care,ham
"Get 3 Lions England tone, reply lionm 4 mono or lionp 4 poly. 4 more go 2 www.ringtones.co.uk, the original n best. Tones 3GBP network operator rates apply.",spam
"Hi. Wk been ok - on hols now! Yes on for a bit of a run. Forgot that i have hairdressers appointment at four so need to get home n shower beforehand. Does that cause prob for u?""",ham
No problem. We will be spending a lot of quality time together...,ham
Don know. I did't msg him recently.,ham
You sure your neighbors didnt pick it up,ham
"A Boy loved a gal. He propsd bt she didnt mind. He gv lv lttrs, Bt her frnds threw thm. Again d boy decided 2 aproach d gal , dt time a truck was speeding towards d gal. Wn it was about 2 hit d girl,d boy ran like hell n saved her. She asked 'hw cn u run so fast?' D boy replied ""Boost is d secret of my energy"" n instantly d girl shouted ""our energy"" n Thy lived happily 2gthr drinking boost evrydy Moral of d story:- I hv free msgs:D;): gud ni8",ham
Dear umma she called me now :-),ham
Gr8. So how do you handle the victoria island traffic. Plus when's the album due,ham
Oh yeah clearly it's my fault,ham
I wont. So wat's wit the guys,ham
on hen night. Going with a swing,ham
We have all rounder:)so not required:),ham
Hey i booked the kb on sat already... what other lessons are we going for ah? Keep your sat night free we need to meet and confirm our lodging,ham
"SMS SERVICES. for your inclusive text credits, pls goto www.comuk.net login= ***** unsubscribe with STOP. no extra charge. help:08700469649. PO BOX420. IP4 5WE",spam
"Romantic Paris. 2 nights, 2 flights from £79 Book now 4 next year. Call 08704439680Ts&Cs apply.",spam
"Night sweet, sleep well! I've just been to see The Exorcism of Emily Rose and may never sleep again! Hugs and snogs!",ham
"Watching cartoon, listening music &amp; at eve had to go temple &amp; church.. What about u?",ham
Gudnite....tc...practice going on,ham
Nothing lor... A bit bored too... Then y dun u go home early 2 sleep today...,ham
U horrible gal... U knew dat i was going out wif him yest n u still come n ask me...,ham
FreeMsg: Fancy a flirt? Reply DATE now & join the UKs fastest growing mobile dating service. Msgs rcvd just 25p to optout txt stop to 83021. Reply DATE now!,spam
Mm yes dear look how i am hugging you both. :-P,ham
"1) Go to write msg 2) Put on Dictionary mode 3)Cover the screen with hand, 4)Press  &lt;#&gt; . 5)Gently remove Ur hand.. Its interesting..:)",ham
I cant pick the phone right now. Pls send a message,ham
"all the lastest from Stereophonics, Marley, Dizzee Racal, Libertines and The Strokes! Win Nookii games with Flirt!! Click TheMob WAP Bookmark or text WAP to 82468",spam
"Oops - am at my mum's in somerset... Bit far! Back tomo, see you soon x",ham
"Dont search love, let love find U. Thats why its called falling in love, bcoz U dont force yourself, U just fall and U know there is smeone to hold U... BSLVYL",ham
That sucks. I'll go over so u can do my hair. You'll do it free right?,ham
HEY MATE! HOWS U HONEY?DID U AVE GOOD HOLIDAY? GIMMI DE GOSS!x,ham
I'm in a movie... Collect car oredi...,ham
Sexy Singles are waiting for you! Text your AGE followed by your GENDER as wither M or F E.G.23F. For gay men text your AGE followed by a G. e.g.23G.,spam
"Urgh, coach hot, smells of chip fat! Thanks again, especially for the duvet (not a predictive text word).",ham
Or better still can you catch her and let ask her if she can sell  &lt;#&gt;  for me.,ham
"Velly good, yes please!",ham
Call me when you get the chance plz &lt;3,ham
I have a sore throat. It's scratches when I talk,ham
WINNER! As a valued network customer you hvae been selected to receive a £900 reward! To collect call 09061701444. Valid 24 hours only. ACL03530150PM,spam
"Multiply the numbers independently and count decimal points then, for the division, push the decimal places like i showed you.",ham
"Oh yes, why is it like torture watching england?",ham
You have WON a guaranteed £1000 cash or a £2000 prize. To claim yr prize call our customer service representative on 08714712394 between 10am-7pm,spam
Can you please send me my aunty's number,ham
"So check your errors and if you had difficulties, do correction.",ham
All day working day:)except saturday and sunday..,ham
Poor girl can't go one day lmao,ham
"Well am officially in a philosophical hole, so if u wanna call am at home ready to be saved!",ham
"All done, all handed in. Don't know if mega shop in asda counts as celebration but thats what i'm doing!",ham
I am taking half day leave bec i am not well,ham
Slept? I thinkThis time ( &lt;#&gt;  pm) is not dangerous,ham
Get ready to put on your excellent sub face :),ham
Hi Petey!noim ok just wanted 2 chat coz avent spoken 2 u 4 a long time-hope ur doin alrite.have good nit at js love ya am.x,ham
Lovely smell on this bus and it ain't tobacco...,ham
How's it going? Got any exciting karaoke type activities planned? I'm debating whether to play football this eve. Feeling lazy though.,ham
Ard 530 like dat lor. We juz meet in mrt station then ü dun haf to come out.,ham
Yes baby! We can study all the positions of the kama sutra ;),ham
Thank you princess! You are so sexy...,ham
"Thk shld b can... Ya, i wana go 4 lessons... Haha, can go for one whole stretch...",ham
"REMINDER FROM O2: To get 2.50 pounds free call credit and details of great offers pls reply 2 this text with your valid name, house no and postcode",spam
Did u got that persons story,ham
"Thanks for your ringtone order, reference number X49. Your mobile will be charged 4.50. Should your tone not arrive please call customer services 09065989182. From: [colour=red]text[/colour]TXTstar",spam
Wait.i will come out.. &lt;#&gt;  min:),ham
Lol no. I just need to cash in my nitros. Hurry come on before I crash out!,ham
K..k...from tomorrow onwards started ah?,ham
No. Its not specialisation. Can work but its slave labor. Will look for it this month sha cos no shakara 4 beggar.,ham
Thanx 4 sending me home...,ham
"Hiya, probably coming home * weekend after next",ham
No b4 Thursday,ham
Thanks 4 your continued support Your question this week will enter u in2 our draw 4 £100 cash. Name the NEW US President? txt ans to 80082,spam
Oh k...i'm watching here:),ham
Its a site to simulate the test. It just gives you very tough questions to test your readiness.,ham
As per your request 'Maangalyam (Alaipayuthe)' has been set as your callertune for all Callers. Press *9 to copy your friends Callertune,ham
Actually I decided I was too hungry so I haven't left yet :V,ham
RT-KIng Pro Video Club>> Need help? info@ringtoneking.co.uk or call 08701237397 You must be 16+ Club credits redeemable at www.ringtoneking.co.uk! Enjoy!,spam
YOU ARE CHOSEN TO RECEIVE A £350 AWARD! Pls call claim number 09066364311 to collect your award which you are selected to receive as a valued mobile customer.,spam
"Frnd s not juz a word.....not merely a relationship.....its a silent promise which says ... "" I will be with YOU "" Wherevr.. Whenevr.. Forevr... Gudnyt dear..",ham
"Okay. No no, just shining on. That was meant to be signing, but that sounds better.",ham
Get ur 1st RINGTONE FREE NOW! Reply to this msg with TONE. Gr8 TOP 20 tones to your phone every week just £1.50 per wk 2 opt out send STOP 08452810071 16,spam
"As I entered my cabin my PA said, '' Happy B'day Boss !!''. I felt special. She askd me 4 lunch. After lunch she invited me to her apartment. We went there.",ham
Sorry. || mail? ||,ham
Yup bathe liao...,ham
* Thought I didn't see you.,ham
It will stop on itself. I however suggest she stays with someone that will be able to give ors for every stool.,ham
When are you going to ride your bike?,ham
No screaming means shouting..,ham
Do you want 750 anytime any network mins 150 text and a NEW video phone for only five pounds per week call 08000776320 now or reply for delivery Tomorrow,spam
"Nothing. I meant that once the money enters your account here, the bank will remove its flat rate. Someone transfered  &lt;#&gt;  to my account and  &lt;#&gt; dollars got removed. So the banks differ and charges also differ.be sure you trust the 9ja person you are sending account details to cos...",ham
Gibbs unsold.mike hussey,ham
Yo theres no class tmrw right?,ham
Wat makes some people dearer is not just de happiness dat u feel when u meet them but de pain u feel when u miss dem!!!,ham
"When I was born, GOD said, ""Oh No! Another IDIOT"". When you were born, GOD said, ""OH No! COMPETITION"". Who knew, one day these two will become FREINDS FOREVER!",ham
Ü go home liao? Ask dad to pick me up at 6...,ham
K I'll call you when I'm close,ham
Good evening! this is roger. How are you?,ham
"Uncle G, just checking up on you. Do have a rewarding month",ham
Do we have any spare power supplies,ham
YES! The only place in town to meet exciting adult singles is now in the UK. Txt CHAT to 86688 now! 150p/Msg.,spam
No:-)i got rumour that you going to buy apartment in chennai:-),ham
Ok. She'll be ok. I guess,ham
Did he just say somebody is named tampa,ham
Should I be stalking u?,ham
Yun ah.now ü wkg where?btw if ü go nus sc. Ü wana specialise in wad?,ham
Oh thanks a lot..i already bought 2 eggs ..,ham
"By march ending, i should be ready. But will call you for sure. The problem is that my capital never complete. How far with you. How's work and the ladies",ham
I dont have i shall buy one dear,ham
I'm also came to room.,ham
You are a great role model. You are giving so much and i really wish each day for a miracle but God as a reason for everything and i must say i wish i knew why but i dont. I've looked up to you since i was young and i still do. Have a great day.,ham
Come to my home for one last time i wont do anything. Trust me.,ham
Have a good evening! Ttyl,ham
Cos darren say ü considering mah so i ask ü...,ham
"I'm not coming over, do whatever you want",ham
"Haha, my legs and neck are killing me and my amigos are hoping to end the night with a burn, think I could swing by in like an hour?",ham
I have many dependents,ham
"Night night, see you tomorrow",ham
I cant pick the phone right now. Pls send a message,ham
Yes. They replied my mail. I'm going to the management office later. Plus will in to bank later also.or on wednesday.,ham
Friendship poem: Dear O Dear U R Not Near But I Can Hear Dont Get Fear Live With Cheer No More Tear U R Always my Dear. Gud ni8,ham
"Its ok, called mom instead have fun",ham
Unless it's a situation where YOU GO GURL would be more appropriate,ham
Love you aathi..love u lot..,ham
Sleeping nt feeling well,ham
Be happy there. I will come after noon,ham
"Storming msg: Wen u lift d phne, u say ""HELLO"" Do u knw wt is d real meaning of HELLO?? . . . It's d name of a girl..! . . . Yes.. And u knw who is dat girl?? ""Margaret Hello"" She is d girlfrnd f Grahmbell who invnted telphone... . . . . Moral:One can 4get d name of a person, bt not his girlfrnd... G o o d n i g h t . . .@",ham
Dear 0776xxxxxxx U've been invited to XCHAT. This is our final attempt to contact u! Txt CHAT to 86688 150p/MsgrcvdHG/Suite342/2Lands/Row/W1J6HL LDN 18yrs,spam
Dude just saw a parked car with its sunroof popped up. Sux,ham
Guess who spent all last night phasing in and out of the fourth dimension,ham
If he started searching he will get job in few days.he have great potential and talent.,ham
Sounds great! Are you home now?,ham
Pls tell nelson that the bb's are no longer comin. The money i was expecting aint coming,ham
How are you babes. Hope your doing ok. I had a shit nights sleep. I fell asleep at 5.Im knackered and im dreading work tonight. What are thou upto tonight. X,ham
Leave it wif me lar... Ü wan to carry meh so heavy... Is da num 98321561 familiar to ü?,ham
From here after The performance award is calculated every two month.not for current one month period..,ham
Staff of placement training in Amrita college.,ham
Yo sorry was in the shower sup,ham
I not free today i haf 2 pick my parents up tonite...,ham
I hope you arnt pissed off but id would really like to see you tomorrow. Love me xxxxxxxxxxxxxX,ham
Dont kick coco when he's down,ham
"Customer service announcement. We recently tried to make a delivery to you but were unable to do so, please call 07090298926 to re-schedule. Ref:9307622",spam
U ned to convince him tht its not possible witot hurting his feeling its the main,ham
Still i have not checked it da. . .,ham
"This is one of the days you have a billion classes, right?",ham
Hows the pain dear?y r u smiling?,ham
"K will do, addie &amp; I are doing some art so I'll be here when you get home",ham
"I don't think I can get away for a trek that long with family in town, sorry",ham
Sir send to group mail check it.,ham
When can ü come out?,ham
Why you Dint come with us.,ham
"Night has ended for another day, morning has come in a special way. May you smile like the sunny rays and leaves your worries at the blue blue bay. Gud mrng",ham
That depends. How would you like to be treated? :),ham
"URGENT!: Your Mobile No. was awarded a £2,000 Bonus Caller Prize on 02/09/03! This is our 2nd attempt to contact YOU! Call 0871-872-9755 BOX95QU",spam
"* Was really good to see you the other day dudette, been missing you!",ham
Pls accept me for one day. Or am begging you change the number.,ham
Not heard from U4 a while. Call me now am here all night with just my knickers on. Make me beg for it like U did last time 01223585236 XX Luv Nikiyu4.net,spam
"You are everywhere dirt, on the floor, the windows, even on my shirt. And sometimes when i open my mouth, you are all that comes flowing out. I dream of my world without you, then half my chores are out too. A time of joy for me, lots of tv shows i.ll see. But i guess like all things you just must exist, like rain, hail and mist, and when my time here is done, you and i become one.",ham
We tried to contact you re your reply to our offer of a Video Phone 750 anytime any network mins Half Price Line Rental Camcorder Reply or call 08000930705,spam
"Sorry pa, i dont knw who ru pa?",ham
Fine i miss you very much.,ham
Ah poop. Looks like ill prob have to send in my laptop to get fixed cuz it has a gpu problem,ham
Buzzzz! *grins* Did I buzz your ass? Buzz your chest ? Buzz your cock ? Where do you keep your phone ? Is the vibrator on ? Did you feel it shake ?,ham
Thats cool princess! I will cover your face in hot sticky cum :),ham
Its not that time of the month nor mid of the time?,ham
"Rose for red,red for blood,blood for heart,heart for u. But u for me.... Send tis to all ur friends.. Including me.. If u like me.. If u get back, 1-u r poor in relation! 2-u need some 1 to support 3-u r frnd 2 many 4-some1 luvs u 5+- some1 is praying god to marry u.:-) try it....",ham
Dude avatar 3d was imp. At one point i thought there were actually flies in the room and almost tried hittng one as a reflex,ham
Pick you up bout 7.30ish? What time are  and that going?,ham
I notice you like looking in the shit mirror youre turning into a right freak,ham
Hai ana tomarrow am coming on morning.  &lt;DECIMAL&gt;  ill be there in sathy then we ll go to RTO office. Reply me after came to home.,ham
Where r e meeting tmr?,ham
"FRAN I DECIDED 2 GO N E WAY IM COMPLETELY BROKE AN KNACKERED I GOT UP BOUT 3 C U 2MRW LOVE JANX P.S THIS IS MY DADS FONE, -NO CREDIT",ham
i cant talk to you now.i will call when i can.dont keep calling.,ham
I'm going 4 lunch now wif my family then aft dat i go str 2 orchard lor.,ham
Never try alone to take the weight of a tear that comes out of ur heart and falls through ur eyes... Always remember a STUPID FRIEND is here to share... BSLVYL,ham
"WIN: We have a winner! Mr. T. Foley won an iPod! More exciting prizes soon, so keep an eye on ur mobile or visit www.win-82050.co.uk",spam
"Just making dinner, you ?",ham
I will come to ur home now,ham
We're on the opposite side from where we dropped you off,ham
Die... I accidentally deleted e msg i suppose 2 put in e sim archive. Haiz... I so sad...,ham
On the way to office da..,ham
HEY GIRL. HOW R U? HOPE U R WELL ME AN DEL R BAK! AGAIN LONG TIME NO C! GIVE ME A CALL SUM TIME FROM LUCYxx,ham
", how's things? Just a quick question.",ham
"Oh, yes, I've just been a little under the weather so i've kind of been coccooning at home",ham
You are a winner you have been specially selected to receive £1000 cash or a £2000 award. Speak to a live operator to claim call 087147123779am-7pm. Cost 10p,spam
Then why you came to hostel.,ham
If we win its really no 1 side for long time.,ham
No need lar. Jus testing e phone card. Dunno network not gd i thk. Me waiting 4 my sis 2 finish bathing so i can bathe. Dun disturb u liao u cleaning ur room.,ham
How come?,ham
"Hi frnd, which is best way to avoid missunderstding wit our beloved one's?",ham
"You are a £1000 winner or Guaranteed Caller Prize, this is our Final attempt to contact you! To Claim Call 09071517866 Now! 150ppmPOBox10183BhamB64XE",spam
Lol your right. What diet? Everyday I cheat anyway. I'm meant to be a fatty :(,ham
Can you plz tell me the ans. BSLVYL sent via fullonsms.com,ham
Dai i downloaded but there is only exe file which i can only run that exe after installing.,ham
Try neva mate!!,ham
Ok...,ham
Dunno leh cant remember mayb lor. So wat time r we meeting tmr?,ham
&lt;#&gt;  w jetton ave if you forgot,ham
did u get that message,ham
Ha... U jus ate honey ar? So sweet...,ham
"Yeah hopefully, if tyler can't do it I could maybe ask around a bit",ham
"Mila, age23, blonde, new in UK. I look sex with UK guys. if u like fun with me. Text MTALK to 69866.18 . 30pp/txt 1st 5free. £1.50 increments. Help08718728876",spam
"I'm used to it. I just hope my agents don't drop me since i've only booked a few things this year. This whole me in boston, them in nyc was an experiment.",ham
U're welcome... Caught u using broken english again...,ham
T-Mobile customer you may now claim your FREE CAMERA PHONE upgrade & a pay & go sim card for your loyalty. Call on 0845 021 3680.Offer ends 28thFeb.T&C's apply,spam
Cos i was out shopping wif darren jus now n i called him 2 ask wat present he wan lor. Then he started guessing who i was wif n he finally guessed darren lor.,ham
Anything lar then ü not going home 4 dinner?,ham
Wait . I will msg after  &lt;#&gt;  min.,ham
I'm still pretty weak today .. Bad day ?,ham
Dont put your phone on silent mode ok,ham
Never blame a day in ur life. Good days give u happiness. Bad days give u experience. Both are essential in life! All are Gods blessings! good morning.:,ham
"K I'll head out in a few mins, see you there",ham
Have you laid your airtel line to rest?,ham
Hi 07734396839 IBH Customer Loyalty Offer: The NEW NOKIA6600 Mobile from ONLY £10 at TXTAUCTION!Txt word:START to No:81151 & get Yours Now!4T&,spam
I tagged MY friends that you seemed to count as YOUR friends.,ham
I have lost 10 kilos as of today!,ham
We are supposed to meet to discuss abt our trip... Thought xuhui told you? In the afternoon. Thought we can go for lesson after that,ham
Just buy a pizza. Meat lovers or supreme. U get to pick.,ham
Hi babe its me thanks for coming even though it didnt go that well!i just wanted my bed! Hope to see you soon love and kisses xxx,ham
"I am late,so call you tomorrow morning.take care sweet dreams....u and me...ummifying...bye.",ham
He says hi and to get your ass back to south tampa (preferably at a kegger),ham
I reach home safe n sound liao...,ham
Every day i use to sleep after  &lt;#&gt;  so only.,ham
O i played smash bros  &lt;#&gt;  religiously.,ham
"Madam,regret disturbance.might receive a reference check from DLF Premarica.kindly be informed.Rgds,Rakhesh,Kerala.",ham
Jus finish blowing my hair. U finish dinner already?,ham
Ok.ok ok..then..whats ur todays plan,ham
Super msg da:)nalla timing.,ham
Well. You know what i mean. Texting,ham
"Sorry, I'll call later",ham
"As usual..iam fine, happy &amp; doing well..:)",ham
"Yeah I should be able to, I'll text you when I'm ready to meet up",ham
I've told you everything will stop. Just dont let her get dehydrated.,ham
"sir, you will receive the account no another 1hr time. Sorry for the delay.",ham
I will reach before ten morning,ham
07732584351 - Rodger Burns - MSG = We tried to call you re your reply to our sms for a free nokia mobile + free camcorder. Please call now 08000930705 for delivery tomorrow,spam
You know there is. I shall speak to you in  &lt;#&gt;  minutes then,ham
Are you going to write ccna exam this week??,ham
No dear i was sleeping :-P,ham
Reply to win £100 weekly! What professional sport does Tiger Woods play? Send STOP to 87239 to end service,spam
Okie... Thanx...,ham
And he's apparently bffs with carly quick now,ham
Then we gotta do it after that,ham
No da. I am happy that we sit together na,ham
"Living is very simple.. Loving is also simple.. Laughing is too simple.. Winning is tooo simple.. But, being 'SIMPLE' is very difficult.. Gud nte.:-",ham
Please reserve ticket on saturday eve from chennai to thirunelvali and again from tirunelvali to chennai on sunday eve...i already see in net..no ticket available..i want to book ticket through tackle ..,ham
I sent lanre fakeye's Eckankar details to the mail box,ham
"You can stop further club tones by replying ""STOP MIX"" See my-tone.com/enjoy. html for terms. Club tones cost GBP4.50/week. MFL, PO Box 1146 MK45 2WT (2/3)",spam
"Rose needs water, season needs change, poet needs imagination..My phone needs ur sms and i need ur lovely frndship forever....",ham
Yup i thk so until e shop closes lor.,ham
"We have sent JD for Customer Service cum Accounts Executive to ur mail id, For details contact us",spam
"Well, I have to leave for my class babe ... You never came back to me ... :-( ... Hope you have a nice sleep, my love",ham
Sat right? Okay thanks...,ham
Huh so slow i tot u reach long ago liao... U 2 more days only i 4 more leh...,ham
Ok going to sleep. Hope i can meet her.,ham
Did either of you have any idea's? Do you know of anyplaces doing something?,ham
There is no sense in my foot and penis.,ham
"Get the door, I'm here",ham
I think if he rule tamilnadu..then its very tough for our people.,ham
"I got another job! The one at the hospital doing data analysis or something, starts on monday! Not sure when my thesis will got finished",ham
Crazy ar he's married. Ü like gd looking guys not me. My frens like say he's korean leona's fave but i dun thk he is. Aft some thinking mayb most prob i'll go.,ham
PRIVATE! Your 2003 Account Statement for shows 800 un-redeemed S. I. M. points. Call 08715203694 Identifier Code: 40533 Expires 31/10/04,spam
"Sorry, I'll call later",ham
"&lt;#&gt; , that's all? Guess that's easy enough",ham
I'm always on yahoo messenger now. Just send the message to me and i.ll get it you may have to send it in the mobile mode sha but i.ll get it. And will reply.,ham
Cold. Dont be sad dear,ham
I'm leaving my house now...,ham
Hey u still at the gym?,ham
I think chennai well settled?,ham
Only once then after ill obey all yours.,ham
Yeah I imagine he would be really gentle. Unlike the other docs who treat their patients like turkeys.,ham
K go and sleep well. Take rest:-).,ham
Wah lucky man... Then can save money... Hee...,ham
dont make ne plans for nxt wknd coz she wants us to come down then ok,ham
"St andre, virgil's cream",ham
No problem with the renewal. I.ll do it right away but i dont know his details.,ham
You are now unsubscribed all services. Get tons of sexy babes or hunks straight to your phone! go to http://gotbabes.co.uk. No subscriptions.,spam
Well its not like you actually called someone a punto. That woulda been worse.,ham
Mm i am on the way to railway,ham
Juz now havent woke up so a bit blur blur... Can? Dad went out liao... I cant cum now oso...,ham
I take it the post has come then! You must have 1000s of texts now! Happy reading. My one from wiv hello caroline at the end is my favourite. Bless him,ham
What your plan for pongal?,ham
Even i cant close my eyes you are in me our vava playing umma :-D,ham
Did u find out what time the bus is at coz i need to sort some stuff out.,ham
SMS AUCTION You have won a Nokia 7250i. This is what you get when you win our FREE auction. To take part send Nokia to 86021 now. HG/Suite342/2Lands Row/W1JHL 16+,spam
Ambrith..madurai..met u in arun dha marrge..remembr?,ham
Hey no I ad a crap nite was borin without ya 2 boggy with me u boring biatch! Thanx but u wait til nxt time il ave ya,ham
I had askd u a question some hours before. Its answer,ham
"Haha, just what I was thinkin",ham
Dont flatter yourself... Tell that man of mine two pints of carlin in ten minutes please....,ham
It does it on its own. Most of the time it fixes my spelling. But sometimes it gets a completely diff word. Go figure,ham
WOT U UP 2 J?,ham
i am going to bed now prin,ham
"""AH POOR BABY!HOPE URFEELING BETTERSN LUV! PROBTHAT OVERDOSE OF WORK HEY GO CAREFUL SPK 2 U SN LOTS OF LOVEJEN XXX.""",ham
No sir. That's why i had an 8-hr trip on the bus last week. Have another audition next wednesday but i think i might drive this time.,ham
"Latest Nokia Mobile or iPOD MP3 Player +£400 proze GUARANTEED! Reply with: WIN to 83355 now! Norcorp Ltd.£1,50/Mtmsgrcvd18+",spam
Bring home some Wendy =D,ham
"Sir, Waiting for your mail.",ham
What you doing?how are you?,ham
Pls clarify back if an open return ticket that i have can be preponed for me to go back to kerala.,ham
You see the requirements please,ham
Wat r u doing?,ham
"7 wonders in My WORLD 7th You 6th Ur style 5th Ur smile 4th Ur Personality 3rd Ur Nature 2nd Ur SMS and 1st ""Ur Lovely Friendship""... good morning dear",ham
"Yetunde, i'm sorry but moji and i seem too busy to be able to go shopping. Can you just please find some other way to get what you wanted us to get. Please forgive me. You can reply free via yahoo messenger.",ham
"Height of ""Oh shit....!!"" situation: A guy throws a luv letter on a gal but falls on her brothers head whos a gay,.;-):-D",ham
You do got a shitload of diamonds though,ham
Tell me whos this pls:-),ham
IMPORTANT INFORMATION 4 ORANGE USER 0796XXXXXX. TODAY IS UR LUCKY DAY!2 FIND OUT WHY LOG ONTO http://www.urawinner.com THERE'S A FANTASTIC PRIZEAWAITING YOU!,spam
I meant as an apology from me for texting you to get me drugs at  &lt;#&gt; at night,ham
But i have to. I like to have love and arrange.,ham
"""Hi missed your Call and my mumHas beendropping red wine all over theplace! what is your adress?""",ham
I can do that! I want to please you both inside and outside the bedroom...,ham
"Ha. You don‘t know either. I did a a clever but simple thing with pears the other day, perfect for christmas.",ham
I just cooked a rather nice salmon a la you,ham
Midnight at the earliest,ham
"Sir, I have been late in paying rent for the past few months and had to pay a $ &lt;#&gt;  charge. I felt it would be inconsiderate of me to nag about something you give at great cost to yourself and that's why i didnt speak up. I however am in a recession and wont be able to pay the charge this month hence my askin well ahead of month's end. Can you please help. Thanks",ham
You can never do NOTHING,ham
Ok..,ham
S now only i took tablets . Reaction morning only.,ham
You have registered Sinco as Payee. Log in at icicibank.com and enter URN  &lt;#&gt;  to confirm. Beware of frauds. Do NOT share or disclose URN to anyone.,ham
"Nice. Wait...should you be texting right now? I'm not gonna pay your ticket, ya know!",ham
That's ok. I popped in to ask bout something and she said you'd been in. Are you around tonght wen this girl comes?,ham
URGENT! Your Mobile number has been awarded a <UKP>2000 prize GUARANTEED. Call 09061790125 from landline. Claim 3030. Valid 12hrs only 150ppm,spam
"Shop till u Drop, IS IT YOU, either 10K, 5K, £500 Cash or £100 Travel voucher, Call now, 09064011000. NTT PO Box CR01327BT fixedline Cost 150ppm mobile vary",spam
I called and said all to him:)then he have to choose this future.,ham
Can U get 2 phone NOW? I wanna chat 2 set up meet Call me NOW on 09096102316 U can cum here 2moro Luv JANE xx Calls£1/minmoremobsEMSPOBox45PO139WA,spam
Ringtone Club: Get the UK singles chart on your mobile each week and choose any top quality ringtone! This message is free of charge.,spam
